{
  "weights": {
    "centreBonus": 2.627436048943782,
    "three": 4.529394618206572,
    "two": 1.1898910219416543,
    "win": 200,
    "terminalWin": 1000000,
    "depthBonus": 0.3033115238755474,
    "threatPenalty": 0
  },
  "fitness": 0.9425287356321839,
  "generation": 26,
  "id": "seed"
}